="00000004",b,_adc1
="00000006",T,ADC_ClearFlag
="00000008",T,ADC_ClearITPendingBit
="00000014",T,ADC_Cmd
="00000028",T,ADC_CommonInit
="0000000c",T,ADC_CommonStructInit
="0000001e",T,adc_device_init
="00000038",T,adc_device_register
="00000014",T,ADC_DMACmd
="00000008",d,_adc_drivers
="00000014",T,ADC_EOCOnEachRegularChannelCmd
="00000038",T,adc_find_by_ref
="0000000c",T,ADC_GetFlagStatus
="00000058",T,ADC_Init
="00000034",T,ADC_IRQHandler
="0000001a",T,ADC_ITConfig
="0000001c",T,ADC_MultiModeDMARequestAfterLastTransferCmd
="00000008",r,_adc_ops
="00000096",T,ADC_RegularChannelConfig
="00000014",T,ADC_StructInit
="00000276",T,__adddf3
="00000010",T,__aeabi_cdcmpeq
="00000010",T,__aeabi_cdcmple
="00000020",T,__aeabi_cdrcmple
="0000009e",T,__aeabi_d2f
="0000004e",T,__aeabi_d2iz
="00000040",T,__aeabi_d2uiz
="00000276",T,__aeabi_dadd
="00000012",T,__aeabi_dcmpeq
="00000012",T,__aeabi_dcmpge
="00000012",T,__aeabi_dcmpgt
="00000012",T,__aeabi_dcmple
="00000012",T,__aeabi_dcmplt
="000001d0",T,__aeabi_ddiv
="00000254",T,__aeabi_dmul
="0000027a",T,__aeabi_dsub
="0000003a",T,__aeabi_f2d
="00000022",T,__aeabi_i2d
="00000002",W,__aeabi_idiv0
="0000005a",T,__aeabi_l2d
="00000002",W,__aeabi_ldiv0
="0000001e",T,__aeabi_ui2d
="0000006a",T,__aeabi_ul2d
="0000001e",T,analog_device_init
="00000038",T,analog_device_register
="00000008",d,_analog_drivers
="00000038",T,analog_find_by_ref
="0000005e",T,__any_on
="00000010",d,APBAHBPrescTable
="00000800",B,APP_Rx_Buffer
="00000004",B,APP_Rx_length
="00000004",B,APP_Rx_ptr_in
="00000004",B,APP_Rx_ptr_out
="0000002a",T,__ascii_mbtowc
="0000000c",T,at24_ko
="00000008",d,_at24_memory_ops
="00000088",t,_at24_probe
="00000034",t,_at24_read
="00000018",t,_at24_remove
="00000074",t,_at24_write
="00000004",T,atan2f
="000001b0",T,atanf
="00000010",r,atanhi
="00000010",r,atanlo
="0000000c",T,atexit
="00000006",T,atof
="000000ae",T,__b2d
="0000004c",T,_Balloc
="00000022",r,basefix.6714
="00000012",T,_Bfree
="00000050",r,bits.10295
="00000010",r,blanks.6762
="00000050",b,buf.6509
="0000000c",W,BusFault_Handler
="0000005e",T,_calloc_r
="000000c0",T,CAN1_RX0_IRQHandler
="000000c0",T,CAN1_RX1_IRQHandler
="00000034",T,CAN1_SCE_IRQHandler
="00000094",T,CAN1_TX_IRQHandler
="000000c0",T,CAN2_RX0_IRQHandler
="000000c0",T,CAN2_RX1_IRQHandler
="00000034",T,CAN2_SCE_IRQHandler
="00000094",T,CAN2_TX_IRQHandler
="0000008c",T,CAN_ClearITPendingBit
="0000003c",T,CAN_DeInit
="0000001e",T,can_device_init
="00000038",T,can_device_register
="00000026",T,can_dispatcher_add_listener
="00000064",T,can_dispatcher_init
="0000004e",T,_can_dispatcher_loop
="00000008",d,_can_drivers
="00000100",T,CAN_FilterInit
="00000038",T,can_find_by_ref
="00000054",T,CAN_GetFlagStatus
="000000e2",T,CAN_GetITStatus
="000000ec",T,CAN_Init
="00000012",T,CAN_ITConfig
="0000002e",T,can_listener_init
="0000000a",t,_can_next_message
="00000058",t,_canopen_cmd
="0000079c",t,_canopen_handle_message
="0000000c",T,canopen_ko
="00000120",T,canopen_pdo_rx
="00000120",T,canopen_pdo_tx
="00000224",T,_canopen_probe
="00000004",T,_canopen_remove
="00000110",T,canopen_sdo_write
="00000018",T,canopen_set_address
="00000018",T,canopen_set_mode
="000002f8",t,_canopen_tx
="000000a2",T,CAN_Receive
="00000144",t,_can_sce_isr.isra.2.part.3
="00000158",t,_can_send
="00000026",T,CAN_StructInit
="00000024",t,_can_subscribe
="000000d6",T,CAN_Transmit
="00000004",d,cdcCmd
="00000004",b,cdcLen
="00000001",b,cfgidx.8782
="00000020",T,chip_reset
="00000034",T,chip_reset_to_bootloader
="00000008",B,CmdBuff
="0000007a",T,__cmpdf2
="00000008",d,_comm_range_ops
="00000008",d,_comm_range_ops
="0000002a",t,_comm_range_read
="00000194",t,_comm_range_read
="00000006",t,_comm_range_write
="000001d4",t,_comm_range_write
="00000008",t,_compare_tasks
="0000002c",t,_console_add_command
="0000007a",T,console_add_command
="0000001e",T,console_device_init
="00000038",T,console_device_register
="00000390",t,_console_device_task
="00000008",d,_console_drivers
="00000038",T,console_find_by_node
="00000038",T,console_find_by_ref
="0000000c",T,console_ko
="0000000c",r,_console_ops
="00000044",t,_console_printf
="000000cc",T,_console_probe
="0000000c",t,_console_read
="00000006",T,_console_remove
="00000010",r,control_modes.7798
="00000046",T,__copybits
="00000018",T,copysignf
="00000078",T,cosf
="0000000c",W,CRYP_IRQHandler
="0000000d",r,CSWTCH.50
="00000101",R,_ctype_
="00000004",D,__ctype_ptr__
="000000b2",T,__d2b
="00000036",T,DCD_EP_Close
="0000003a",T,DCD_EP_ClrStall
="0000004c",T,DCD_EP_Open
="00000038",T,DCD_EP_PrepareRx
="00000010",T,DCD_EP_SetAddress
="0000003a",T,DCD_EP_Stall
="00000038",T,DCD_EP_Tx
="00000090",T,DCD_Init
="0000000c",W,DCMI_IRQHandler
="0000000c",W,DebugMon_Handler
="0000000c",T,Default_Handler
="00000004",b,_default_serial_port
="0000003c",T,delay_us
="0000000c",B,_devices
="000024f8",D,_devicetree
="000001d0",T,__divdf3
="00000296",T,__divdi3
="0000000c",W,DMA1_Stream0_IRQHandler
="0000000c",W,DMA1_Stream1_IRQHandler
="0000000c",W,DMA1_Stream2_IRQHandler
="00000058",T,DMA1_Stream3_IRQHandler
="00000024",T,DMA1_Stream4_IRQHandler
="0000000c",W,DMA1_Stream5_IRQHandler
="0000000c",W,DMA1_Stream6_IRQHandler
="0000000c",W,DMA1_Stream7_IRQHandler
="0000000c",W,DMA2D_IRQHandler
="00000058",T,DMA2_Stream0_IRQHandler
="0000000c",W,DMA2_Stream1_IRQHandler
="0000000c",W,DMA2_Stream2_IRQHandler
="00000024",T,DMA2_Stream3_IRQHandler
="0000000c",W,DMA2_Stream4_IRQHandler
="0000000c",W,DMA2_Stream5_IRQHandler
="0000000c",W,DMA2_Stream6_IRQHandler
="0000000c",W,DMA2_Stream7_IRQHandler
="00000034",T,DMA_ClearFlag
="00000034",T,DMA_ClearITPendingBit
="00000014",T,DMA_Cmd
="00000130",T,DMA_DeInit
="00000008",T,DMA_GetCmdStatus
="00000054",T,DMA_GetITStatus
="00000070",T,DMA_Init
="00000040",T,DMA_ITConfig
="00000022",T,DMA_StructInit
="00000018",d,_driver_at24.6711
="00000018",d,_driver_canopen.8417
="00000018",d,_driver_console.7438
="00000018",d,_driver_drv8302.7575
="00000018",d,_driver_events.5862
="00000018",d,_driver_flyingbergman.9063
="00000008",d,_driver_list
="00000018",d,_driver_lp55231.7465
="00000018",d,_driver_max14890.6817
="00000018",d,_driver_mcp2317.6852
="00000018",d,_driver_mcp4461.7468
="00000018",d,_driver_regmap.6650
="00000018",d,_driver_stm32_adc.9474
="00000018",d,_driver_stm32_can.9736
="00000018",d,_driver_stm32_cpu.9841
="00000018",d,_driver_stm32_cpuinfo.9878
="00000018",d,_driver_stm32_gpio.9300
="00000018",d,_driver_stm32_i2c.10157
="00000018",d,_driver_stm32_leds.9074
="00000018",d,_driver_stm32_spi.9356
="00000018",d,_driver_stm32_tim.10195
="00000018",d,_driver_stm32_uart.9177
="00000018",d,_driver_stm32_usb.10315
="00000018",d,_driver_vardir.6559
="0000028c",t,_drv8302_cmd
="0000001a",T,drv8302_enable_calibration
="00000028",T,drv8302_get_gain
="00000028",T,drv8302_is_in_error
="00000028",T,drv8302_is_in_overcurrent
="0000000c",T,drv8302_ko
="00000124",T,_drv8302_probe
="0000004c",t,_drv8302_read
="00000004",T,_drv8302_remove
="000000a4",t,_drv8302_write
="00000e58",T,_dtoa_r
="0000001e",T,encoder_device_init
="00000038",T,encoder_device_register
="00000008",d,_encoder_drivers
="00000038",T,encoder_find_by_ref
="00000004",d,_encoder_ops
="0000000a",t,_encoder_read
="0000007a",T,__eqdf2
="0000000c",T,__errno
="00000004",B,errno
="0000000c",W,ETH_IRQHandler
="0000000c",W,ETH_WKUP_IRQHandler
="00000044",t,_events_dispatcher
="00000008",d,_events_drivers
="00000038",T,events_find_by_ref
="0000000c",T,events_ko
="0000000c",r,_events_ops
="000000cc",t,_events_probe
="0000001c",t,_events_publish
="00000018",t,_events_publish_from_isr
="00000006",t,_events_remove
="00000044",t,_events_subscribe
="00000008",d,ext0_list
="00000008",d,ext15_10_list
="00000008",d,ext1_list
="00000008",d,ext2_list
="00000008",d,ext3_list
="00000008",d,ext4_list
="00000008",d,ext9_5_list
="0000003a",T,__extendsfdf2
="0000003c",T,EXTI0_IRQHandler
="00000038",T,EXTI15_10_IRQHandler
="0000003c",T,EXTI1_IRQHandler
="0000003c",T,EXTI2_IRQHandler
="0000003c",T,EXTI3_IRQHandler
="0000003c",T,EXTI4_IRQHandler
="00000038",T,EXTI9_5_IRQHandler
="0000000c",T,EXTI_ClearITPendingBit
="00000014",T,EXTI_GetITStatus
="0000000e",T,fabsf
="000009c0",t,_fb_cmd
="00000990",t,_fb_control_loop
="00000032",T,_fb_filter
="0000008c",t,_fb_indicator_loop
="00000200",t,_fb_output_constrained_fastest
="000008b0",t,_fb_probe
="00000236",T,_fb_read_inputs
="00000006",t,_fb_remove
="00000280",t,_fb_state_operational
="000000c8",t,_fb_state_save_preset
="000000e4",t,_fb_state_wait_home
="0000004c",t,_fb_state_wait_power
="000005f0",T,_fb_update_measurements
="00000001",D,__fdlib_version
="0000001c",T,fdt32_to_cpu
="00000058",T,fdt_check_header
="0000002a",T,fdt_check_node_offset_
="0000002a",T,fdt_check_prop_offset_
="00000036",T,fdt_find_node_by_ref
="00000040",T,fdt_first_property_offset
="00000054",T,fdt_first_subnode
="0000002c",T,fdt_get_int_or_default
="0000003e",T,fdt_get_name
="000000ea",T,fdt_get_path
="00000028",T,fdt_getprop
="000000ea",T,fdt_get_property_namelen
="000000a6",T,fdt_next_node
="0000006e",T,fdt_next_subnode
="00000150",T,fdt_next_tag
="00000074",T,fdt_node_check_compatible
="0000009c",T,fdt_node_offset_by_phandle
="0000004e",T,fdt_offset_ptr
="00000022",T,fdt_offset_ptr_
="0000001e",T,fdt_subnode_offset
="00000080",T,fdt_subnode_offset_namelen
="0000004e",T,__fixdfsi
="00000040",T,__fixunsdfsi
="0000000c",W,FLASH_IRQHandler
="0000005a",T,__floatdidf
="00000022",T,__floatsidf
="0000006a",T,__floatundidf
="0000001e",T,__floatunsidf
="000000a0",T,floorf
="0000000c",T,flyingbergman_ko
="00000054",T,__fpclassifyd
="00000038",T,__fpclassifyf
="00000014",r,fpi.5238
="00000014",r,fpinan.5274
="0000000c",W,FPU_IRQHandler
="00000004",b,FrameCount.8775
="0000019c",T,_free_r
="0000000c",W,FSMC_IRQHandler
="0000008a",T,__gedf2
="0000052e",T,__gethex
="00000004",R,_global_impure_ptr
="00000030",T,__gnu_ldivmod_helper
="00000030",T,__gnu_uldivmod_helper
="0000001e",T,gpio_device_init
="00000038",T,gpio_device_register
="00000008",d,_gpio_drivers
="00000038",T,gpio_find_by_ref
="000000bc",T,GPIO_Init
="00000008",r,_gpio_ops
="00000028",T,GPIO_PinAFConfig
="00000018",T,gpio_read
="0000000c",T,GPIO_ReadInputDataBit
="00000004",T,GPIO_ResetBits
="00000004",T,GPIO_SetBits
="00000012",T,GPIO_StructInit
="00000008",T,GPIO_ToggleBits
="0000000a",T,GPIO_WriteBit
="0000008a",T,__gtdf2
="00000018",T,HardFault_Handler
="0000000c",W,HASH_RNG_IRQHandler
="00000100",R,__hexdig
="00000194",T,__hexnan
="00000040",T,__hi0bits
="00000012",T,__i2b
="0000000c",T,I2C1_ER_IRQHandler
="00000144",T,I2C1_EV_IRQHandler
="0000000c",T,I2C2_ER_IRQHandler
="00000144",T,I2C2_EV_IRQHandler
="0000000c",T,I2C3_ER_IRQHandler
="00000144",T,I2C3_EV_IRQHandler
="0000001a",T,I2C_AcknowledgeConfig
="0000001a",T,I2C_Cmd
="0000006c",T,I2C_DeInit
="0000001e",T,i2c_device_init
="00000038",T,i2c_device_register
="0000000c",b,_i2c_devices
="00000008",d,_i2c_drivers
="00000164",t,_i2c_error_irq_handler
="00000038",T,i2c_find_by_ref
="0000001a",T,I2C_GenerateSTART
="0000001a",T,I2C_GenerateSTOP
="00000036",T,I2C_GetFlagStatus
="00000010",T,I2C_GetLastEvent
="000000e0",T,I2C_Init
="00000014",T,I2C_ITConfig
="00000004",d,_i2c_ops
="00000006",T,I2C_ReceiveData
="00000012",T,I2C_Send7bitAddress
="00000004",T,I2C_SendData
="00000022",T,I2C_StructInit
="00000164",T,__ieee754_atan2f
="00000204",T,__ieee754_logf
="0000028c",T,__ieee754_rem_pio2f
="000000a2",T,__ieee754_sqrtf
="00000428",d,impure_data
="00000004",D,_impure_ptr
="00000014",t,_init
="0000000c",r,init_jk
="000000b8",t,_init_subnodes
="00000004",b,instances.7568
="0000000c",b,_interface
="0000001c",T,iswspace
="00000104",T,__kernel_cosf
="000005cc",T,__kernel_rem_pio2f
="00000090",T,__kernel_sinf
="00000004",T,kfree
="00000018",T,kzmalloc
="00000020",d,lc_ctype_charset
="00000038",d,lconv
="00000082",T,__ledf2
="0000000c",r,_led_ops
="0000001e",T,leds_device_init
="00000038",T,leds_device_register
="00000008",d,_leds_drivers
="00000038",T,leds_find_by_ref
="00000030",T,__libc_fini_array
="00000008",D,linecoding
="0000005a",T,__lo0bits
="0000002a",T,_load_fault_stack
="00000008",T,__locale_charset
="00000008",T,_localeconv_r
="0000000c",T,__locale_mb_cur_max
="000000f0",T,logf
="00000008",d,_lp55231_analog_ops
="000000ec",t,_lp55231_analog_read
="00000090",t,_lp55231_analog_write
="0000000c",T,lp55231_ko
="0000027c",t,_lp55231_probe
="00000004",t,_lp55231_remove
="000000bc",T,__lshift
="0000000c",W,LTDC_ER_IRQHandler
="0000000c",W,LTDC_IRQHandler
="00000082",T,__ltdf2
="0000002c",T,main
="00000408",D,__malloc_av_
="00000028",B,__malloc_current_mallinfo
="00000002",T,__malloc_lock
="00000004",B,__malloc_max_sbrked_mem
="00000004",B,__malloc_max_total_mem
="00000538",T,_malloc_r
="00000004",D,__malloc_sbrk_base
="00000004",B,__malloc_top_pad
="0000009c",T,_malloc_trim_r
="00000004",D,__malloc_trim_threshold
="00000002",T,__malloc_unlock
="00000004",T,matherr
="0000000c",T,max14890_ko
="00000144",t,_max14890_probe
="00000006",t,_max14890_remove
="00000004",D,__mb_cur_max
="0000005c",T,_mbrtowc_r
="00000004",D,__mbtowc
="00000046",T,__mcmp
="000000a8",t,_mcp2317_cmd
="0000000c",T,mcp2317_ko
="00000008",d,_mcp2317_ops
="0000046c",t,_mcp2317_probe
="000000c4",t,_mcp2317_read_pin
="00000004",t,_mcp2317_remove
="0000014e",t,_mcp2317_write_pin
="00000008",d,_mcp4461_analog_ops
="00000006",t,_mcp4461_analog_read
="0000008c",t,_mcp4461_analog_write
="0000000c",T,mcp4461_ko
="00000180",t,_mcp4461_probe
="00000004",t,_mcp4461_remove
="000000d4",T,__mdiff
="00000090",T,memchr
="00000066",T,memcmp
="00000134",T,memcpy
="0000000c",W,MemManage_Handler
="000000c0",T,memmove
="00000008",d,_mem_ops
="0000001e",T,memory_device_init
="00000038",T,memory_device_register
="00000008",d,_memory_drivers
="00000038",T,memory_find_by_node
="00000038",T,memory_find_by_ref
="00000008",d,_memory_ops
="00000008",d,_memory_ops
="00000174",t,_memory_read
="0000003a",t,_memory_read
="000000d2",t,_memory_write
="00000006",t,_memory_write
="00000094",T,memset
="00000008",d,_mfr_range_ops
="00000144",t,_mfr_range_read
="00000254",t,_mfr_range_write
="00000044",T,micros
="00000164",T,motion_profile_get_pva
="00000040",T,motion_profile_init
="000001ca",T,motion_profile_plan_move
="000000fc",t,_motor_cmd
="00000028",R,__mprec_bigtens
="000000c8",R,__mprec_tens
="00000254",T,__muldf3
="00000096",T,__multadd
="0000013c",T,__multiply
="00000010",T,nan
="0000000c",T,nanf
="0000007a",T,__nedf2
="0000000c",W,NMI_Handler
="00000080",r,npio2_hw
="00000078",T,NVIC_Init
="00000014",T,NVIC_PriorityGroupConfig
="00000004",r,_ops
="00000004",B,optind
="0000000c",T,OTG_FS_IRQHandler
="0000002c",T,OTG_FS_WKUP_IRQHandler
="0000000c",W,OTG_HS_EP1_IN_IRQHandler
="0000000c",W,OTG_HS_EP1_OUT_IRQHandler
="0000000c",W,OTG_HS_IRQHandler
="0000000c",W,OTG_HS_WKUP_IRQHandler
="0000000c",r,p05.5269
="00000004",W,panic
="00000064",T,PendSV_Handler
="0000002c",r,PIo2
="0000009c",T,__pow5mult
="000001b0",b,prev_status.6318
="0000008c",T,printk
="00000004",b,_printk_lock.6508
="00000001",b,_printk_mutex_inited.6507
="000000bc",t,_print_pdo
="0000001c",T,probe_device_drivers
="00000098",t,prvIdleTask
="0000013c",t,prvListTasksWithinSingleList.part.3
="0000001a",t,prvPortStartFirstTask
="0000009c",t,prvSwitchTimerLists
="0000002c",t,prvTaskExitError
="00000248",t,prvTimerTask
="0000000c",W,PVD_IRQHandler
="000000d4",T,pvPortMalloc
="00000018",T,pvTaskIncrementMutexHeldCount
="00000004",B,pxCurrentTCB
="00000004",b,pxCurrentTimerList
="00000004",b,pxDelayedTaskList
="00000004",b,pxOverflowDelayedTaskList
="00000004",b,pxOverflowTimerList
="0000002c",T,pxPortInitialiseStack
="00000064",b,pxReadyTasksLists
="0000055c",T,qsort
="00000130",t,quorem
="00000054",T,__ratio
="00000018",T,RCC_AHB1PeriphClockCmd
="00000018",T,RCC_AHB2PeriphClockCmd
="00000018",T,RCC_APB1PeriphClockCmd
="00000018",T,RCC_APB1PeriphResetCmd
="00000018",T,RCC_APB2PeriphClockCmd
="00000018",T,RCC_APB2PeriphResetCmd
="00000050",T,RCC_DeInit
="00000090",T,RCC_GetClocksFreq
="0000000c",W,RCC_IRQHandler
="000003cc",T,_realloc_r
="000000a8",t,_reg_cmd
="00000018",T,register_device_driver
="000000a8",T,__register_exitproc
="00000014",t,register_fini
="00000038",t,_regmap_add
="00000058",T,regmap_convert_u16
="00000058",T,regmap_convert_u32
="00000008",d,_regmap_drivers
="00000038",T,regmap_find_by_ref
="0000000c",T,regmap_ko
="0000003e",T,regmap_mem_to_u16
="00000040",T,regmap_mem_to_u32
="00000034",T,regmap_mem_to_u8
="0000000c",d,_regmap_ops
="00000054",T,_regmap_probe
="0000001e",T,regmap_range_init
="0000006e",t,_regmap_read
="00000016",T,regmap_read_u16
="00000016",T,regmap_read_u32
="00000016",T,regmap_read_u8
="00000006",T,_regmap_remove
="0000006e",t,_regmap_write
="00000018",T,regmap_write_u16
="0000001a",T,regmap_write_u32
="00000008",r,regs.7444
="00000038",W,Reset_Handler
="000000a0",t,rshift
="0000000c",W,RTC_Alarm_IRQHandler
="0000000c",W,RTC_WKUP_IRQHandler
="00000098",T,__s2b
="0000000c",W,SAI1_IRQHandler
="00000014",T,_sbrk
="00000024",T,_sbrk_r
="000000d8",T,scalbnf
="00000070",T,__sccl
="0000000c",W,SDIO_IRQHandler
="000001d6",t,_send_pending_pdos
="00000004",T,__seofread
="0000001e",T,serial_device_init
="00000038",T,serial_device_register
="00000008",d,_serial_drivers
="00000038",T,serial_find_by_node
="00000008",r,_serial_ops
="00000070",t,_serial_read
="0000000c",T,serial_set_printk_port
="0000008a",t,_serial_write
="00000080",T,_sfread_r
="0000007c",T,sinf
="00000068",T,snprintf
="0000000c",W,SPI1_IRQHandler
="0000000c",W,SPI2_IRQHandler
="0000000c",W,SPI3_IRQHandler
="0000000c",W,SPI4_IRQHandler
="0000000c",W,SPI5_IRQHandler
="0000000c",W,SPI6_IRQHandler
="0000001a",T,SPI_CalculateCRC
="0000001a",T,SPI_Cmd
="0000001e",T,spi_device_init
="00000038",T,spi_device_register
="00000008",d,_spi_drivers
="00000038",T,spi_find_by_ref
="000000d0",T,SPI_I2S_DeInit
="00000014",T,SPI_I2S_DMACmd
="0000000c",T,SPI_I2S_GetFlagStatus
="00000006",T,SPI_I2S_ReceiveData
="00000004",T,SPI_I2S_SendData
="00000052",T,SPI_Init
="00000018",T,SPI_StructInit
="0000004c",T,sprintf
="000000b8",T,sqrtf
="00000058",T,sscanf
="00000100",T,__ssprint_r
="0000003a",T,__ssrefill_r
="00000e90",T,__ssvfscanf_r
="000001b0",b,status.6317
="00000130",t,_stm32_adc_cmd
="0000000c",T,stm32_adc_ko
="00000318",t,_stm32_adc_probe
="000000b0",t,_stm32_adc_read
="00000004",t,_stm32_adc_remove
="00000006",t,_stm32_adc_trigger
="000000e4",t,_stm32_can_cmd
="0000000c",T,stm32_can_ko
="00000008",r,_stm32_can_ops
="00000350",t,_stm32_can_probe
="00000006",t,_stm32_can_remove
="00000138",t,_stm32_cmd_cpuinfo
="00000050",t,_stm32_cmd_reboot
="0000000c",T,stm32_cpuinfo_ko
="00000084",t,_stm32_cpuinfo_probe
="00000006",t,_stm32_cpuinfo_remove
="0000000c",T,stm32_cpu_ko
="0000026c",t,_stm32_cpu_probe
="00000004",t,_stm32_cpu_remove
="0000000c",T,stm32_gpio_ko
="000000a0",t,_stm32_gpio_probe
="0000002c",t,_stm32_gpio_read_pin
="00000006",t,_stm32_gpio_remove
="000001b0",t,_stm32_gpio_setup_subnode
="0000002e",t,_stm32_gpio_write_pin
="00000104",t,_stm32_i2c_cmd
="0000000c",T,stm32_i2c_ko
="000001ac",t,_stm32_i2c_probe
="00000006",t,_stm32_i2c_remove
="000000dc",t,_stm32_i2c_transfer
="0000000c",T,stm32_leds_ko
="00000024",T,_stm32_leds_off
="00000024",T,_stm32_leds_on
="00000108",t,_stm32_leds_probe
="00000006",t,_stm32_leds_remove
="0000001a",T,_stm32_leds_toggle
="0000000c",T,stm32_spi_ko
="00000214",t,_stm32_spi_probe
="00000004",t,_stm32_spi_remove
="000001a4",t,_stm32_spi_transfer
="0000000c",T,stm32_tim_ko
="000006a8",t,_stm32_tim_probe
="00000004",t,_stm32_tim_remove
="0000000c",T,stm32_uart_ko
="00000240",t,_stm32_uart_probe
="00000006",t,_stm32_uart_remove
="00000070",t,_stm32_usb_cmd
="0000000c",T,stm32_usb_ko
="00000104",t,_stm32_usb_serial_probe
="00000006",t,_stm32_usb_serial_remove
="000000ba",T,strcpy
="00000014",T,strerror
="0000039c",T,_strerror_r
="0000005e",T,strlen
="00000054",T,strncasecmp
="000000b4",T,strncmp
="00000010",T,strtod
="00000f70",T,_strtod_r
="0000019c",T,_strtoll_r
="00000114",T,_strtol_r
="00000190",T,_strtoull_r
="00000120",T,_strtoul_r
="0000027a",T,__subdf3
="00000078",T,__submore
="0000003a",t,sulp
="00000080",T,_sungetc_r
="00000024",T,SVC_Handler
="000014ec",T,_svfprintf_r
="000000d0",T,SystemInit
="00000018",T,SysTick_CLKSourceConfig
="0000002c",T,SysTick_Handler
="00000004",d,sysTickUptime
="0000000c",W,TAMP_STAMP_IRQHandler
="00000022",T,thread_create
="00000004",T,thread_get_free_heap
="00000006",T,thread_get_total_heap
="00000248",T,thread_meminfo
="0000002a",T,thread_mutex_init
="00000024",T,thread_mutex_lock
="00000022",T,thread_mutex_lock_wait
="00000020",T,thread_mutex_unlock
="0000001e",T,thread_queue_init
="00000016",T,thread_queue_recv
="00000014",T,thread_queue_recv_from_isr
="00000016",T,thread_queue_send
="00000016",T,thread_queue_send_from_isr
="00000004",T,thread_sched_resume
="00000004",T,thread_sched_suspend
="00000018",T,thread_sem_give
="00000012",T,thread_sem_give_from_isr
="0000001c",T,thread_sem_init_counting
="0000001e",T,thread_sem_init
="00000018",T,thread_sem_take_wait
="00000016",T,thread_sleep_ms
="00000016",T,thread_sleep_ms_until
="0000000a",T,thread_sleep_us
="00000004",T,thread_start_scheduler
="00000006",T,thread_suspend
="00000004",T,thread_ticks_count
="00000020",T,thread_ticks_from_us
="00000018",T,thread_yield_from_isr
="0000000c",W,TIM1_BRK_TIM9_IRQHandler
="0000000c",W,TIM1_CC_IRQHandler
="0000000c",W,TIM1_TRG_COM_TIM11_IRQHandler
="00000060",T,TIM1_UP_TIM10_IRQHandler
="0000000c",W,TIM2_IRQHandler
="0000000c",W,TIM3_IRQHandler
="00000050",T,TIM4_IRQHandler
="0000000c",W,TIM5_IRQHandler
="0000000c",W,TIM6_DAC_IRQHandler
="0000000c",W,TIM7_IRQHandler
="0000000c",W,TIM8_BRK_TIM12_IRQHandler
="0000000c",W,TIM8_CC_IRQHandler
="0000000c",W,TIM8_TRG_COM_TIM14_IRQHandler
="00000060",T,TIM8_UP_TIM13_IRQHandler
="00000008",d,_tim_analog_ops
="00000006",t,_tim_analog_read
="0000006c",t,_tim_analog_write
="0000002a",T,TIM_BDTRConfig
="00000008",T,TIM_ClearITPendingBit
="0000001a",T,TIM_Cmd
="00000020",T,TIM_CtrlPWMOutputs
="000001b8",T,TIM_DeInit
="00000010",T,time_cpu_clock_speed_exact
="00000014",T,time_get_clock_speed
="0000006c",T,time_gettime
="0000003e",T,TIM_EncoderInterfaceConfig
="00000020",b,_timers
="00000068",T,timeval_subtract
="00000016",T,TIM_GetITStatus
="00000014",T,TIM_ITConfig
="00000080",T,TIM_OC1Init
="00000090",T,TIM_OC2Init
="0000008c",T,TIM_OC3Init
="0000006c",T,TIM_OC4Init
="00000014",T,TIM_OCStructInit
="00000010",T,TIM_SelectInputTrigger
="00000016",T,TIM_SelectMasterSlaveMode
="00000016",T,TIM_SelectOutputTrigger
="00000016",T,TIM_SelectSlaveMode
="00000004",T,TIM_SetAutoreload
="00000004",T,TIM_SetCompare1
="00000004",T,TIM_SetCompare2
="00000004",T,TIM_SetCompare3
="00000004",T,TIM_SetCompare4
="0000009c",T,TIM_TimeBaseInit
="00000012",T,TIM_TimeBaseStructInit
="00000028",r,tinytens
="0000009e",T,__truncdfsf2
="00000318",r,two_over_pi
="000000b8",T,UART4_IRQHandler
="000000b8",T,UART5_IRQHandler
="0000000c",W,UART7_IRQHandler
="0000000c",W,UART8_IRQHandler
="00000018",b,_uart_ptr
="0000c800",b,ucHeap
="00000001",b,ucMaxSysCallPriority
="00000014",T,ucTaskDelayWasAborted
="00000282",T,__udivdi3
="00000850",T,_ui_cmd
="00000004",b,ulMaxPRIGROUPValue
="00000050",T,__ulp
="00000004",b,ulTaskSwitchedInTime
="00000004",b,ulTotalRunTime
="0000000c",W,UsageFault_Handler
="000000b8",T,USART1_IRQHandler
="000000b8",T,USART2_IRQHandler
="000000b8",T,USART3_IRQHandler
="000000b8",T,USART6_IRQHandler
="00000010",T,USART_ClearITPendingBit
="0000001a",T,USART_Cmd
="0000004c",T,USART_GetITStatus
="000000c4",T,USART_Init
="0000003a",T,USART_ITConfig
="00000016",T,USART_StructInit
="00000004",b,usbd_cdc_AltSet
="0000002c",D,USBD_CDC_cb
="00000043",D,usbd_cdc_CfgDesc
="0000005c",t,usbd_cdc_DataIn
="00000038",t,usbd_cdc_DataOut
="00000028",t,usbd_cdc_DeInit
="00000030",t,usbd_cdc_EP0_RxReady
="0000000c",t,USBD_cdc_GetCfgDesc
="00000064",t,usbd_cdc_Init
="00000043",B,usbd_cdc_OtherCfgDesc
="000000c0",t,usbd_cdc_Setup
="0000009c",t,usbd_cdc_SOF
="00000004",B,USBD_cfg_status
="0000000e",T,USBD_ClrCfg
="00000010",T,USBD_CtlContinueRx
="00000010",T,USBD_CtlContinueSendData
="00000032",T,USBD_CtlError
="0000001e",T,USBD_CtlPrepareRx
="0000001e",T,USBD_CtlReceiveStatus
="0000001e",T,USBD_CtlSendData
="0000001e",T,USBD_CtlSendStatus
="0000009a",t,USBD_DataInStage
="0000007a",t,USBD_DataOutStage
="00000024",D,USBD_DCD_INT_cb
="00000004",D,USBD_DCD_INT_fops
="00000004",B,USBD_default_cfg
="00000012",D,USBD_DeviceDesc
="00000004",B,USBD_ep_status
="0000004c",T,USBD_GetString
="0000000e",t,USBD_IsoINIncomplete
="0000000e",t,USBD_IsoOUTIncomplete
="00000004",D,USBD_LangIDDesc
="00000524",T,USBD_OTG_ISR_Handler
="00000044",T,USBD_ParseSetupRequest
="0000002e",t,USBD_Reset
="00000016",t,USBD_Resume
="00000018",T,USBD_SetCfg
="00000058",t,USBD_SetupStage
="00000010",t,USBD_SOF
="0000030c",T,USBD_StdDevReq
="000000e4",T,USBD_StdEPReq
="00000052",T,USBD_StdItfReq
="000000ff",B,USBD_StrDesc
="00000014",t,USBD_Suspend
="0000001c",T,USBD_USR_ConfigStrDescriptor
="00000002",T,USBD_USR_DeviceConfigured
="00000002",T,USBD_USR_DeviceConnected
="0000000c",T,USBD_USR_DeviceDescriptor
="00000002",T,USBD_USR_DeviceDisconnected
="00000002",T,USBD_USR_DeviceReset
="00000002",T,USBD_USR_DeviceResumed
="00000002",T,USBD_USR_DeviceSuspended
="00000002",T,USBD_USR_Init
="0000001c",T,USBD_USR_InterfaceStrDescriptor
="0000000c",T,USBD_USR_LangIDStrDescriptor
="0000001c",T,USBD_USR_ManufacturerStrDescriptor
="0000002c",T,USBD_USR_ProductStrDescriptor
="0000001c",T,USBD_USR_SerialStrDescriptor
="00000004",T,USB_OTG_BSP_mDelay
="00000004",T,USB_OTG_BSP_uDelay
="00000148",T,USB_OTG_CoreInit
="0000018c",T,USB_OTG_CoreInitDev
="000005f0",B,USB_OTG_dev
="0000000e",T,USB_OTG_DisableGlobalInt
="0000000e",T,USB_OTG_EnableGlobalInt
="00000028",T,USB_OTG_EP0Activate
="00000044",T,USB_OTG_EP0_OutStart
="000000fe",T,USB_OTG_EP0StartXfer
="0000005e",T,USB_OTG_EPActivate
="0000002a",T,USB_OTG_EPClearStall
="00000044",T,USB_OTG_EPDeactivate
="00000030",T,USB_OTG_EPSetStall
="0000013e",T,USB_OTG_EPStartXfer
="00000048",T,USB_OTG_FlushTxFifo
="00000020",T,USB_OTG_GetDeviceSpeed
="0000000e",T,USB_OTG_IsDeviceMode
="0000000a",T,USB_OTG_ReadCoreItr
="0000000c",T,USB_OTG_ReadDevAllInEPItr
="0000000c",T,USB_OTG_ReadDevAllOutEp_itr
="00000010",T,USB_OTG_ReadDevOutEP_itr
="00000026",T,USB_OTG_ReadPacket
="00000348",T,USB_OTG_SelectCore
="0000002a",T,USB_OTG_SetCurrentMode
="00000020",T,USB_OTG_UngateClock
="00000028",T,USB_OTG_WritePacket
="00000040",B,USB_Rx_Buffer
="00000001",B,USB_Tx_State
="00000004",T,_user_strerror
="0000001c",D,USR_cb
="0000001c",D,USR_desc
="00000004",d,uxCriticalNesting
="00000004",b,uxCurrentNumberOfTasks
="00000004",b,uxDeletedTasksWaitingCleanUp
="00000028",T,uxListRemove
="00000004",b,uxPendedTicks
="00000004",b,uxSchedulerSuspended
="00000190",T,uxTaskGetSystemState
="00000004",b,uxTaskNumber
="00000004",b,uxTopReadyPriority
="00000010",T,vApplicationMallocFailedHook
="00000018",T,vApplicationStackOverflowHook
="00000002",T,vApplicationTaskSWIHook
="00000020",T,vApplicationTickHook
="0000003a",T,_vardir_add_dynamic
="0000007c",T,vardir_add_entry
="00000078",T,vardir_add_field
="0000003a",T,_vardir_add_static
="0000001e",T,vardir_device_init
="00000038",T,vardir_device_register
="00000008",d,_vardir_drivers
="0000003a",T,vardir_entry_get_u32
="00000038",T,vardir_find_by_ref
="00000020",T,vardir_find_entry_by_id
="00000046",T,vardir_find_entry_by_name
="000000bc",T,_vardir_get
="0000003a",T,vardir_init
="0000000c",T,vardir_ko
="00000010",d,_vardir_ops
="00000038",t,_vardir_probe
="00000006",t,_vardir_remove
="00000096",T,_vardir_set
="000000b8",T,vardir_set_float_by_name
="0000008e",T,vardir_set_float
="000000b8",T,vardir_set_int_by_name
="0000008a",T,vardir_set_int
="00000064",t,VCP_Ctrl
="0000003c",T,VCP_DataRx
="00000034",T,VCP_DataTx
="00000004",t,VCP_DeInit
="00000014",D,VCP_fops
="00000004",t,VCP_Init
="00000016",T,vListInitialise
="00000006",T,vListInitialiseItem
="00000032",T,vListInsert
="0000001c",T,vListInsertEnd
="0000000e",t,vPortEnableVFP
="00000040",T,vPortEnterCritical
="00000028",T,vPortExitCritical
="00000040",T,vPortFree
="00000048",T,vPortSetupTimerInterrupt
="00000050",T,vPortValidateInterruptPriority
="00000068",T,vQueueAddToRegistry
="000000d0",T,vQueueWaitForMessageRestricted
="00000020",T,vsnprintf
="00000052",T,_vsnprintf_r
="000000b8",T,vTaskDelay
="00000108",T,vTaskDelayUntil
="0000000c",T,vTaskMissedYield
="000000b0",T,vTaskPlaceOnEventList
="000000c0",T,vTaskPlaceOnEventListRestricted
="00000094",T,vTaskPriorityInherit
="00000028",T,vTaskSetTimeOutState
="0000007c",T,vTaskStartScheduler
="00000010",T,vTaskSuspendAll
="000000f8",T,vTaskSuspend
="000000cc",T,vTaskSwitchContext
="0000000c",W,WWDG_IRQHandler
="00000014",b,xActiveTimerList1
="00000014",b,xActiveTimerList2
="00000014",b,xDelayedTaskList1
="00000014",b,xDelayedTaskList2
="00000008",b,xEnd
="00000004",d,xFreeBytesRemaining
="00000004",b,xHeapHasBeenInitialised.5534
="00000004",b,xIdleTaskHandle
="00000004",b,xLastTime.5504
="00000004",b,xNextTaskUnblockTime
="00000004",b,xNumOfOverflows
="00000014",b,xPendingReadyList
="0000000c",T,xPortGetFreeHeapSize
="000000ec",T,xPortStartScheduler
="00000090",T,xQueueCreateCountingSemaphore
="0000006c",T,xQueueCreateMutex
="00000088",T,xQueueGenericCreate
="0000036c",T,xQueueGenericReceive
="000003cc",T,xQueueGenericSend
="0000013c",T,xQueueGenericSendFromISR
="000000a4",T,xQueueGiveFromISR
="000000bc",T,xQueueReceiveFromISR
="00000050",B,xQueueRegistry
="00000004",b,xSchedulerRunning
="00000008",b,xStart
="00000014",b,xSuspendedTaskList
="000000a0",T,xTaskCheckForTimeOut
="00000230",T,xTaskCreate
="00000020",T,xTaskGetSchedulerState
="0000000c",T,xTaskGetTickCount
="00000170",T,xTaskIncrementTick
="000000a8",T,xTaskPriorityDisinherit
="00000088",T,xTaskRemoveFromEventList
="00000128",T,xTaskResumeAll
="00000014",b,xTasksWaitingTermination
="00000004",b,xTickCount
="00000098",T,xTimerCreateTimerTask
="0000006c",T,xTimerGenericCommand
="00000004",b,xTimerQueue
="00000004",b,xTimerTaskHandle
="00000004",b,xYieldPending
="00000010",r,zeroes.6763
